{
  "i18n/i18n.properties": 1769632124001,
  "test/integration/pages/JourneyRunner.js": 1769631861741,
  "test/integration/pages/RisksList.js": 1769631861705,
  "test/integration/pages/RisksObjectPage.js": 1769631861705,
  "test/integration/opaTests.qunit.js": 1769631861645,
  "test/integration/FirstJourney.js": 1769631861721,
  "test/testsuite.qunit.js": 1769631861529,
  "xs-app.json": 1769783669779,
  "manifest.json": 1769723586324,
  "Component.js": 1769631861301,
  "Component-dbg.js": 1769631861301,
  "Component.js.map": 1769783681539,
  "test/integration/pages/RisksList-dbg.js": 1769631861705,
  "test/integration/pages/RisksList.js.map": 1769783681540,
  "test/integration/pages/RisksObjectPage-dbg.js": 1769631861705,
  "test/integration/pages/RisksObjectPage.js.map": 1769783681539,
  "test/integration/opaTests.qunit-dbg.js": 1769631861645,
  "test/integration/opaTests.qunit.js.map": 1769783681540,
  "test/integration/FirstJourney-dbg.js": 1769631861721,
  "test/integration/FirstJourney.js.map": 1769783681543,
  "test/testsuite.qunit-dbg.js": 1769631861529,
  "test/testsuite.qunit.js.map": 1769783681542,
  "test/integration/pages/JourneyRunner-dbg.js": 1769631861741,
  "test/integration/pages/JourneyRunner.js.map": 1769783681543,
  "Component-preload.js": 1769783681740,
  "Component-preload.js.map": 1769783681740,
  "test/integration/opaTests.qunit.html": 1769631861625,
  "test/testsuite.qunit.html": 1769631861497,
  "test/flpSandbox.html": 1769631861497,
  "index.html": 1769631861329
}